filename,text
pol-08ea7bd3.flac,długi
pol-abbd9e14.flac,nisko
pol-322253ae.flac,wysoko
pol-00bc0ab9.flac,duży
pol-9312b37d.flac,mały
pol-572ce41f.flac,pusty
pol-9ab70a34.flac,pełny
pol-63fbe138.flac,trudny
pol-56d00e44.flac,łatwo
pol-e1c82932.flac,stary
pol-f091f598.flac,nowy
pol-08ce4f1a.flac,młody
pol-77cf14bd.flac,szczęśliwy
pol-5cf3597c.flac,mocny
pol-f7840e0e.flac,inny
pol-e6134818.flac,sam
pol-6e5bd6fb.flac,obcy
pol-bc631dcd.flac,zabronione
pol-aeca684c.flac,czysty
pol-b67400be.flac,brudny
pol-91797b9d.flac,chory
pol-816d5a55.flac,zmęczony
pol-ea1cf211.flac,nieobecny
pol-ac396c4c.flac,zajęty
pol-7dff9162.flac,wolny
pol-05b239fa.flac,nieprawda
pol-d0f20e13.flac,prawda
pol-1689eb24.flac,niedrogi
pol-36ffe606.flac,drogi
pol-dd804e41.flac,dlaczego
pol-4cd798c1.flac,ile
pol-1c8775d2.flac,jak
pol-89f594ab.flac,gdzie
pol-08ba6738.flac,kiedy
pol-80768ace.flac,jaka
pol-8ead02fc.flac,jaki
pol-d2045652.flac,co
pol-bdf23fb6.flac,nie wiem
pol-85834c03.flac,trzeba
pol-1075063f.flac,poczekaj
pol-78ba8d9f.flac,ile to kosztuje
pol-8af669bf.flac,chcę
pol-364ea4f8.flac,nię mogę
pol-7db9063b.flac,na zdrowie
pol-183576a9.flac,wybacz mi
pol-1a51adfd.flac,czuję się dobrze
pol-c1d60eb0.flac,mówisz po polsku
pol-198faf63.flac,pochodzę w Polski
pol-7f777b7d.flac,mówię po polsku
pol-8924c7e4.flac,studiuję w Paryżu
pol-228513e8.flac,gdzie jest
pol-168e4c2b.flac,mam dwadzieścia lat
pol-b355de1d.flac,ile masz lat
pol-58e40d3e.flac,uwaga
pol-7e9578db.flac,witajcie
pol-c76c1856.flac,do widzinia wkrotce
pol-7110cdae.flac,do widzenia
pol-defb011b.flac,nie ma za co
pol-4d07bf2f.flac,dziekuję
pol-c479d774.flac,dobra noc
pol-5f5bc48b.flac,dobry wieczór
pol-c6da3127.flac,milo mi poznać
pol-b0c61270.flac,cześć
pol-34ef7a01.flac,nie
pol-0a3ffba8.flac,tak
pol-9ba99a04.flac,zatrwymać się
pol-796b5cac.flac,ułożyć
pol-e76a774a.flac,wziązć
pol-e33036b7.flac,pokazać
pol-cbf65222.flac,kosztować
pol-12b0657f.flac,kupić
pol-005f1a96.flac,dać
pol-78b4a9b1.flac,przynieść
pol-c40b11b2.flac,wysłać
pol-f30e42a3.flac,zamknąć
pol-9d5e32da.flac,otworzyć
pol-53878d32.flac,wejść
pol-0bb1fed8.flac,przyjć
pol-3e9fafcd.flac,iść
pol-9585cd44.flac,znalezć
pol-73f8f16a.flac,mieć
pol-3701b782.flac,być
pol-6cdaa8ca.flac,nikt
pol-adfe7e39.flac,wszyscy
pol-7a6c86f1.flac,one
pol-73dacada.flac,oni
pol-b853ce8d.flac,my
pol-7d0142e8.flac,ona
pol-09b629c8.flac,on
pol-23536795.flac,ty
pol-39467482.flac,ojciec
pol-e47ec01c.flac,ja
pol-892b2433.flac,wolno
pol-8976185f.flac,szybko
pol-e21d3dc7.flac,daleko
pol-e1079b5a.flac,przy
pol-aebcd24d.flac,za
pol-9a5eeeaa.flac,prosto
pol-c613c9b5.flac,na lewo
pol-46ac95b0.flac,na prawo
pol-aaaa2329.flac,na górze
pol-47d34608.flac,na dole
pol-e35c5e9d.flac,tam
pol-2ae52bbe.flac,tu
pol-b445bb55.flac,razem
pol-5dcbc8d9.flac,teraz
pol-c3de3c26.flac,nigdy
pol-2609837c.flac,może
pol-8e9223da.flac,mniej
pol-b8f9eda1.flac,więcej
pol-d699b751.flac,bardzo
pol-eeaae745.flac,zbyt dużo
pol-c7255417.flac,dosyć
pol-f468bfe8.flac,dużo
pol-17978b6e.flac,dobrze
pol-01175e01.flac,szary
pol-71ca30a1.flac,brązowy
pol-96819174.flac,różowy
pol-b1020980.flac,żółty
pol-4b81bda3.flac,zielony
pol-5db4978f.flac,niebieski
pol-cfb1419b.flac,czerwony
pol-8a8887d0.flac,czarny
pol-6015bd6a.flac,szybki
pol-852ce8cf.flac,ciepły
pol-a1c66038.flac,zimny
pol-96200145.flac,niedobry
pol-b6560c67.flac,dobry
pol-9f43316c.flac,brzydki
pol-2522b17d.flac,ładny
pol-8b5d4cc8.flac,szeroki
pol-4565aca2.flac,słońce
pol-b0a007dd.flac,gwiazda
pol-62d4fa9f.flac,niebo
pol-4d24445a.flac,ziemia
pol-20022eb6.flac,zachód
pol-0fcbece6.flac,wschód
pol-baeb128f.flac,północ
pol-d3985207.flac,środowisko
pol-b6b546be.flac,natura
pol-bdba5828.flac,wieczór
pol-b9cc9b0c.flac,popłudnie
pol-9ce4cc6b.flac,południe
pol-845460f9.flac,sobota
pol-09ffbe6b.flac,piątek
pol-910f1b79.flac,czwartek
pol-efa823c2.flac,środa
pol-5d6da68c.flac,wtorek
pol-203a48b3.flac,poniedziałek
pol-bf4ae74f.flac,niedziela
pol-1abb322b.flac,póżno
pol-bc94ae7b.flac,wcześnie
pol-6c103d8a.flac,wczoraj
pol-dabd6f6e.flac,jutro
pol-3303a16e.flac,dzisiaj
pol-d3bb8494.flac,sekunda
pol-69af6fac.flac,minuta
pol-c42266a7.flac,godzina
pol-c5afc1f1.flac,dzień
pol-40a5b5a9.flac,tydzień
pol-946ebd3a.flac,miesiąc
pol-9031aa94.flac,rok
pol-6f770712.flac,skończyć
pol-8aea3409.flac,zacząć
pol-30bffa81.flac,zapalić
pol-a3fbbd0e.flac,liczyć
pol-2a94d877.flac,gotować
pol-d1378be6.flac,pić
pol-25e0384e.flac,jeść
pol-3d4486a5.flac,kąpać się
pol-58200d41.flac,kochać
pol-86306840.flac,spać
pol-c21713f2.flac,pisać
pol-d30401c9.flac,przypomnieć
pol-de47257f.flac,zapomnieć
pol-a5218a40.flac,czekać
pol-9fdcb0c3.flac,studiować
pol-8b17acb0.flac,nauczyć
pol-909e62c9.flac,wiedzieć
pol-73523103.flac,zrozumieć
pol-1380e0de.flac,usłyszeć
pol-ec58b2eb.flac,słuchać
pol-76acab22.flac,odmówić
pol-7d9e9b1d.flac,zaakceptować
pol-60b21542.flac,móc
pol-c97fbc27.flac,chcieć
pol-db46e3e3.flac,prowadzić
pol-271db76d.flac,spotkać
pol-e07486a0.flac,pomóc
pol-0ab22d9a.flac,odpowiadać
pol-4c470205.flac,poprosić
pol-bc52122f.flac,zawołać
pol-dab280c6.flac,mówić
pol-829fd7a3.flac,zrobić
pol-fbd4cba8.flac,zgubić
pol-0e8a582d.flac,zostawić
pol-5e98c43c.flac,cebula
pol-bc9abd2b.flac,pomidor
pol-457ee4bb.flac,ziemniak
pol-6c79a745.flac,jarzyna
pol-887e88c4.flac,jajko
pol-d62cbc3f.flac,ryba
pol-1a53bfe1.flac,kurczak
pol-437804c9.flac,mięso
pol-cb6b11bc.flac,herbatnik
pol-dded8832.flac,ciastko
pol-1cd988be.flac,chleb
pol-62761d67.flac,zupa
pol-b6d98d76.flac,wino
pol-b00e1cd7.flac,piwo
pol-debdb0f6.flac,kawa
pol-57c28319.flac,herbata
pol-58efb47c.flac,sok owocowy
pol-c368cb34.flac,mleko
pol-af033449.flac,woda
pol-bd376ccc.flac,napój
pol-1ad61158.flac,jedzenie
pol-b49779ed.flac,mapa
pol-d95f4617.flac,granica
pol-f8f9e3cf.flac,most
pol-93aff03b.flac,ścieżka
pol-b583491c.flac,ulica
pol-38246e34.flac,droga
pol-f1e4d642.flac,kierunek
pol-0d2b7603.flac,przystanek
pol-9beacf6a.flac,wyjście
pol-3b9439d0.flac,wejście
pol-a6534fec.flac,odjazd
pol-6dd1733a.flac,bilet
pol-43915dcc.flac,port
pol-22aeef1b.flac,statek
pol-75636d97.flac,samolot
pol-bbb140fc.flac,dworzec
pol-139ea1a7.flac,pociąg
pol-6117d1b7.flac,benzyna
pol-cb530440.flac,motor
pol-5f8463c2.flac,taxi
pol-5442177c.flac,autobus
pol-e7ffd9d3.flac,hałas
pol-a6b46524.flac,zanieczyszczenie
pol-1c0276fe.flac,miasteczko
pol-d2f92e4f.flac,miasto
pol-0b669136.flac,las
pol-54b21347.flac,wieś
pol-d974fc62.flac,żródło
pol-5074e0e7.flac,kanał
pol-b312ee23.flac,rzeka
pol-696c175b.flac,góra
pol-d8dadae5.flac,wyspa
pol-80194299.flac,plaża
pol-9c50f97b.flac,jezioro
pol-1acd582f.flac,minister
pol-b49aaf45.flac,ogród
pol-5658858b.flac,drzewo
pol-13a7a238.flac,powietrze
pol-2a2a2f04.flac,chmura
pol-77b37ebe.flac,wiatr
pol-01922323.flac,śnieg
pol-ad995660.flac,deszcz
pol-6354f1a4.flac,światło
pol-26fd5865.flac,stół
pol-4cff8d7c.flac,lampa
pol-4b3cba48.flac,słownik
pol-6c7c9f12.flac,czynsz
pol-367f2be3.flac,telewizja
pol-15b0a97e.flac,lustro
pol-f1c7f295.flac,znaczek
pol-44c8f818.flac,list
pol-be1ec3e8.flac,nożyczki
pol-717dbc13.flac,komputer
pol-940a2d5e.flac,papier
pol-c6da0d30.flac,książka
pol-e410ae7d.flac,łazienka
pol-96b16478.flac,toaleta
pol-7f6a76e6.flac,ręcznik
pol-8a8b5150.flac,poduszka
pol-8d1dba59.flac,koc
pol-6164f120.flac,pościel
pol-5e25a4da.flac,łóżko
pol-11de16c3.flac,piętro
pol-12ce0611.flac,podłoga
pol-8bbceff5.flac,sufit
pol-b2a5863f.flac,firana
pol-20f02668.flac,okno
pol-bb2676f2.flac,sąsiad
pol-bcc361d8.flac,pokój
pol-50c7caee.flac,adres
pol-208ce143.flac,budynek
pol-7eb7efae.flac,mieszkanie
pol-61f9d063.flac,dom
pol-5df6de1b.flac,rachunek
pol-41f469b3.flac,garnek
pol-70d79e52.flac,serwetka
pol-9598a2dd.flac,łyżka
pol-76ee24b1.flac,widelec
pol-379ae33c.flac,nóż
pol-171672af.flac,talerz
pol-bfa46880.flac,filiżanka
pol-4c7b3644.flac,szklanka
pol-27718e18.flac,butelka
pol-3d502701.flac,obiad
pol-13466e06.flac,sniadanie
pol-ccd0ee4e.flac,posiłek
pol-3b359c82.flac,musztarda
pol-db125569.flac,pieprz
pol-40cb287f.flac,sól
pol-cf083878.flac,ryż
pol-3b4fefb9.flac,kukurydza
pol-79006cb4.flac,zboże
pol-b17d116a.flac,oliwa
pol-9bac3e03.flac,masło
pol-0f7780e9.flac,ser
pol-1d694e11.flac,czekolada
pol-0ccebdd7.flac,dżem
pol-8065097e.flac,czereśnia
pol-38f56f36.flac,gruszka
pol-5c90bf2f.flac,cytryna
pol-5a4194c5.flac,pomarańcza
pol-6ad62b78.flac,jabłko
pol-25610116.flac,owoc
pol-6fc08957.flac,czosnek
pol-551790ca.flac,kapusta
pol-73fa8619.flac,fabryka
pol-7ce71bfe.flac,przemysł
pol-1c451bf4.flac,rolnictwo
pol-4a71acc8.flac,związki zawodowe
pol-653248a3.flac,społeczeńswo
pol-cf0e04cc.flac,tłumacz
pol-b384946d.flac,pisarz
pol-7794c6ca.flac,dziennikarz
pol-5b27250d.flac,sprwedawca
pol-9633b463.flac,strażak
pol-1386558e.flac,policjant
pol-9433d2ca.flac,żołnierz
pol-b1ac2b5a.flac,rolnik
pol-60bc829a.flac,robotnik
pol-ee398f29.flac,inżynier
pol-5f1f39ff.flac,zawód
pol-a021a809.flac,sztuka teatralna
pol-bf1d19ca.flac,sztuka filmowa
pol-ccc9c7bf.flac,malarstwo
pol-d5ed6f16.flac,taniec
pol-d784221d.flac,muzyka
pol-0eb2871a.flac,rak
pol-0af940d8.flac,chusteczka
pol-3a4fab5d.flac,katar
pol-3734584c.flac,choroba
pol-3eb3d430.flac,szpital
pol-d77b855d.flac,lekarswo
pol-9d454031.flac,apteka
pol-97cdc4fc.flac,lekarz
pol-1d240282.flac,śmierć
pol-f09114e7.flac,życie
pol-7e1f7241.flac,zdrowie
pol-05989ade.flac,babcia
pol-d2a058bb.flac,dziadek
pol-7519f0b4.flac,córka
pol-79bb2e82.flac,siostra
pol-cc90b369.flac,brat
pol-cb5ef7a9.flac,matka
pol-43076f9a.flac,rodzice
pol-5aeaf999.flac,niemowlę
pol-c16330fe.flac,dziecko
pol-775902bd.flac,kobieta
pol-81aecc07.flac,mężczyzna
pol-3233fa6e.flac,żona
pol-cd0b3877.flac,mąż
pol-3daf4990.flac,ślub
pol-f1c4d5ce.flac,rodzina
pol-c1b898ac.flac,narzeczona
pol-d2d400fa.flac,narzeczony
pol-3e216142.flac,miłość
pol-b0d0760f.flac,przyjaciel
pol-275498ec.flac,nazwisko
pol-cc7e4142.flac,pani
pol-7d5ca7fb.flac,pan
pol-c59d7424.flac,zapałka
pol-834ebc6b.flac,zapalniczka
pol-37186201.flac,ogień
pol-24b23293.flac,popielniczka
pol-e1a5cdb4.flac,tabaka
pol-0b57fdb4.flac,papieros
pol-897da477.flac,telefon
pol-408df5d5.flac,lodówka
pol-5269a9c5.flac,krzesło
pol-3cd51102.flac,szafa
pol-2661d157.flac,mucha
pol-864e530e.flac,pszczoła
pol-83822bed.flac,wilk
pol-13a00e6a.flac,szczur
pol-b8e54f1f.flac,kura
pol-f0b6ebb4.flac,krowa
pol-0ece3f9e.flac,kot
pol-d2b04731.flac,koń
pol-b141a600.flac,zwierzę
pol-50d57bbe.flac,serce
pol-4cfd685d.flac,krew
pol-56cad38b.flac,skóra
pol-a93f7f9f.flac,noga
pol-fb75b54f.flac,ramię
pol-6bc68ba6.flac,ciało
pol-af00ea71.flac,włosy
pol-ac5911c7.flac,czoło
pol-b98bfa43.flac,język
pol-5628cd02.flac,ząb
pol-5af4b487.flac,usta
pol-aeddef38.flac,buzia
pol-f49915d4.flac,oczy
pol-a51da6ac.flac,święto
pol-a0d60b53.flac,piekło
pol-79b5b78c.flac,raj
pol-9a471a7f.flac,kościół
pol-9f8e6e33.flac,Bóg
pol-b723af33.flac,student
pol-5b7406d9.flac,profesor
pol-e37705f3.flac,wykład
pol-9d855fa5.flac,amfiteatr
pol-56b28422.flac,uniwersytet
pol-5532b614.flac,nauczyciel
pol-c39665ca.flac,szkoła
pol-3fd12f14.flac,egzamin
pol-5b71f492.flac,edukacja
pol-02f6db24.flac,partia
pol-8974a529.flac,prasa
pol-7d7c3785.flac,policja
pol-0aa04d2a.flac,prawo
pol-db3ff399.flac,rząd
pol-f1f32147.flac,król
pol-9b03c9d6.flac,ludzie
pol-8a3fcc05.flac,osoba
pol-f0868940.flac,naród
pol-76f1ccfb.flac,państwo
pol-5c592f5e.flac,polityka
pol-435c8e7a.flac,historia
pol-9f2f6f70.flac,rewolucja
pol-f33b8a42.flac,walka
pol-6a1e7586.flac,wojna
pol-b4a961fd.flac,postęp
pol-d3a46abc.flac,rynek
pol-246788f1.flac,produkcja
pol-c3b6b778.flac,praca
pol-870099dd.flac,cena
pol-a80bda39.flac,złoto
pol-e8be72a1.flac,pieniądze
pol-2c89db93.flac,biuro zmiany pieniędzy
pol-d860bf7a.flac,bank
pol-399e2334.flac,handel
pol-94beb07b.flac,maszyna
pol-27934fd2.flac,wyjść
pol-f2faf909.flac,jeszcze
pol-544eed52.flac,biały
pol-a17c2d2f.flac,niebezpieczny
pol-5120e3a2.flac,gotowy
pol-ca4f1c29.flac,co to jest
pol-7bb81b21.flac,morze
pol-b3de654e.flac,jak się czujesz
pol-f1523e84.flac,mieszkam na miasteczku studenta
pol-efbf147c.flac,jak się nazywasz
pol-2a25985d.flac,proszę
pol-4ecd09c0.flac,dzień dobry
pol-fdb15e8a.flac,sukienka
pol-66f4565b.flac,spódnica
pol-2f463bd2.flac,spodnie
pol-f6487fd7.flac,koszula
pol-089a813e.flac,kapelusz
pol-2dc48cf4.flac,motyl
pol-07ea110a.flac,mysz
pol-dcfb304b.flac,pies
pol-dbd6b5b8.flac,głowa
pol-a2d93b89.flac,ksiądz
pol-675cfed5.flac,religia
pol-2df19604.flac,dyplom
pol-2e822316.flac,klasa
pol-6dc318a4.flac,armia
pol-2964145e.flac,prezydent
pol-8611582d.flac,podatki
pol-06f8230c.flac,ekonomia
pol-85cd5870.flac,sztuka
pol-2d4531f0.flac,aids
pol-fd0181fb.flac,syn
pol-85852207.flac,Internet
pol-06f28d66.flac,mydło
pol-f50af307.flac,klucz
pol-66d095cc.flac,drzwi
pol-a3f1ee68.flac,kuchnia
pol-dd11d75e.flac,kolacja
pol-f720d3a5.flac,winogrona
pol-dd1a92ab.flac,wołowina
pol-a2993684.flac,alkohol
pol-f530664c.flac,księżyc
pol-fe56d27b.flac,urodziny
pol-8611ca10.flac,zgasić
pol-fd216595.flac,obudzić się
pol-07c47e74.flac,rysować
pol-084bb70a.flac,czytać
pol-29e64e7f.flac,widzieć
pol-a20c1708.flac,budować
pol-68c0cd18.flac,powtórzyć
pol-fc068d0a.flac,spróbować
pol-087e3456.flac,wy
pol-f5f5a8e0.flac,przed
pol-f77e9b7e.flac,zawsze
pol-67c6062c.flac,mało
pol-2d9d3de8.flac,kto
pol-2a03051f.flac,nazywam się Yola
pol-04ecdebb.flac,torebka
pol-06cda650.flac,plecak
pol-7e915749.flac,płaszcz
pol-bfa64814.flac,okulary
pol-aa4bca60.flac,ubrania
pol-bf055d3a.flac,ptak
pol-c9674491.flac,komar
pol-dd38f02a.flac,skarpetki
pol-80db3f45.flac,buty
pol-27d3e9d1.flac,baran
pol-ef5ba4ee.flac,zając
pol-f2615d3e.flac,ręka
pol-966168d6.flac,nos
pol-d71b015f.flac,uszy
pol-e226041c.flac,sala
pol-4b97c180.flac,kraj
pol-3552250d.flac,giełda
pol-f2b3b9e4.flac,kontrakt
pol-0043ec67.flac,przedsiębiorswo
pol-822b1695.flac,kultura
pol-4ea2e4e6.flac,młodzieniec
pol-b0627007.flac,panienka
pol-fa0f04fa.flac,imię
pol-3bf5a1ea.flac,dywan
pol-648a8a36.flac,ściana
pol-82a3aae0.flac,restauracja
pol-98e191f3.flac,patelnia
pol-477267f7.flac,ocet
pol-0330bcb7.flac,cukier
pol-621d4902.flac,morela
pol-91c1fc09.flac,wieprzowina
pol-6e7fa1af.flac,przyjazd
pol-7341511b.flac,podróż
pol-d14a52c0.flac,rower
pol-167b7963.flac,samochód
pol-b2a03608.flac,kwiat
pol-8f142cfc.flac,rano
pol-9745b171.flac,śpiewać
pol-6f62a7d4.flac,myć
pol-634a09ec.flac,tłumaczyć
pol-1aa3f852.flac,mieszkać
pol-22f0a83c.flac,sprzedać
pol-0010fc32.flac,nadzieja
pol-002e5e51.flac,gruby
pol-0059d70a.flac,gen
pol-008b1d53.flac,jesień
pol-00e45027.flac,kajuta
pol-00f5aed6.flac,bosman
pol-0157c75c.flac,mgnienie
pol-017239a0.flac,napad
pol-017c2b30.flac,drzwiczki
pol-01a6c615.flac,grom
pol-01ac7886.flac,niezadowolony
pol-01c49425.flac,czepiać
pol-01fa590b.flac,machać
pol-022b208e.flac,czyj
pol-025be60c.flac,dogonić
pol-025d499d.flac,ideał
pol-026620c7.flac,mózg
pol-02aed393.flac,konstruktor
pol-02cbceb6.flac,kupiec
pol-02fa47c7.flac,drwal
pol-030d3dde.flac,miesięczny
pol-033db327.flac,kogut
pol-03535ed9.flac,hotel
pol-036e385f.flac,bezmyślny
pol-03f19bcf.flac,cierpliwie
pol-03f8c003.flac,epoka
pol-0428e01e.flac,chór
pol-042acc79.flac,emocja
pol-044aa127.flac,galimatias
pol-047b2e24.flac,dziękować
pol-048b62fd.flac,cudzoziemski
pol-048cc1d0.flac,jeśli
pol-049465c2.flac,długość
pol-04a0a1b0.flac,dostateczny
pol-04a20eb2.flac,inteligent
pol-04e000b6.flac,nawrót
pol-0546e497.flac,czyn
pol-054cc7d6.flac,młodzież
pol-0552ede3.flac,dyżurny
pol-05607f05.flac,asfalt
pol-06004345.flac,kieszeń
pol-061ce54a.flac,bardziej
pol-0665a8eb.flac,najpierw
pol-06677389.flac,karmić
pol-0670292f.flac,namalować
pol-067391ae.flac,gigantyczny
pol-067554fe.flac,nadać
pol-06a3b35f.flac,kupno
pol-06f8cf57.flac,cypel
pol-071c75e6.flac,nozdrze
pol-076a4c2c.flac,nasz
pol-0792ec73.flac,milczeć
pol-07956832.flac,kobierzec
pol-07aee18a.flac,mundurek
pol-085984bf.flac,koło
pol-08b0a322.flac,dźwięczeć
pol-08d6e13a.flac,błąd
pol-094ff98b.flac,ekspedycja
pol-09ed82ae.flac,obozowisko
pol-0a0569f7.flac,niedogodnie
pol-0a643c2e.flac,chirurg
pol-0a8bca45.flac,idea
pol-0aa37353.flac,niczego
pol-0ac290ae.flac,bliski
pol-0af03539.flac,letni
pol-0afff5f1.flac,mianowanie
pol-0b41553c.flac,głośny
pol-0b515371.flac,informacyjny
pol-0b7e98f2.flac,daleki
pol-0b81291b.flac,lot
pol-0ba5c9c3.flac,miska
pol-0bf62467.flac,funkcja
pol-0bf9963a.flac,obrady
pol-0c3aaad7.flac,boleć
pol-0c3b1f4c.flac,cętka
pol-0c67940f.flac,korzystać
pol-0cdeda67.flac,ciocia
pol-0d113b0a.flac,argument
pol-0d905af5.flac,geniusz
pol-0d9288d6.flac,artystyczny
pol-0e01c172.flac,niewysoki
pol-0e68297f.flac,niebezpiecznie
pol-0e866abf.flac,forma
pol-0eb291ee.flac,dany
pol-0eb7ed12.flac,napływowy
pol-0f0f9344.flac,o
pol-100db2d2.flac,linia
pol-101b8d13.flac,błona
pol-102aa2a8.flac,kierować
pol-10527e72.flac,dysk
pol-107e2f7c.flac,mag
pol-10d15d6d.flac,męka
pol-113b55dd.flac,grozić
pol-11547fdd.flac,namysł
pol-11770f9d.flac,dumnie
pol-11c250e6.flac,demokratyczny
pol-11cf35c3.flac,biada
pol-120f2915.flac,narodowość
pol-122a512f.flac,jasny
pol-1251c8d5.flac,cztery
pol-1283b0d7.flac,lekceważący
pol-1288379c.flac,kasza
pol-1294246a.flac,bak
pol-12dab3c8.flac,krótki
pol-12ddaf8d.flac,gaworzyć
pol-12f7f7f8.flac,elektryczny
pol-138654d5.flac,dziedziniec
pol-13f7c255.flac,nieważnie
pol-14442b10.flac,dziesięciolecie
pol-149a9c01.flac,gnom
pol-14b4927d.flac,dowalić
pol-14bbede2.flac,meble
pol-14c039a1.flac,czarownik
pol-14e86b5c.flac,instrukcja
pol-1523f9f3.flac,jawny
pol-154ca9fb.flac,niecierpliwy
pol-155eb5cb.flac,filar
pol-15cf9d3f.flac,istnieć
pol-1616d6e6.flac,krzak
pol-161b8131.flac,baza
pol-16c0a97d.flac,efekt
pol-1709d7d3.flac,błysk
pol-171b8764.flac,kelner
pol-1730722a.flac,kontrolować
pol-1740d43b.flac,europejski
pol-17521a38.flac,małpa
pol-17e57bc1.flac,dziennie
pol-17eea404.flac,naprzód
pol-1853a85d.flac,fizyka
pol-189f8555.flac,internat
pol-18dec9f9.flac,dodać
pol-18fd636e.flac,dodawać
pol-192aface.flac,bezradny
pol-196eade6.flac,mój
pol-199e1549.flac,minimum
pol-19c6fb4a.flac,narastać
pol-19c86357.flac,mak
pol-19cf0e93.flac,mer
pol-19d5e0ea.flac,niewielki
pol-19f411ea.flac,jednak
pol-1a0df3b3.flac,glina
pol-1a1a0b8a.flac,koreański
pol-1a24e41e.flac,dymisja
pol-1abbbdec.flac,członek
pol-1b06810c.flac,litość
pol-1b15de27.flac,czytanie
pol-1b4c8e4c.flac,człowiek
pol-1b4d33e0.flac,dosiąść
pol-1b5323ac.flac,nocny
pol-1b8fa83f.flac,hall
pol-1ba2d74c.flac,młoda
pol-1ba4a26a.flac,latać
pol-1bca1605.flac,admirał
pol-1c0676a2.flac,jakość
pol-1c298c48.flac,namiot
pol-1c2c513f.flac,całkiem
pol-1c48c19c.flac,bez
pol-1c4cf8ab.flac,nadrukować
pol-1ccc1768.flac,lornetka
pol-1d33eaac.flac,naprowadzać
pol-1d4dd1e8.flac,moralny
pol-1d838b47.flac,dziewięć
pol-1d87b1c6.flac,byt
pol-1dd0b125.flac,akcentować
pol-1ddb1e34.flac,oblicze
pol-1ddd37c1.flac,lotnik
pol-1ebd83f6.flac,księżna
pol-1ef3a05a.flac,ciemność
pol-1efd69c1.flac,dziewczyna
pol-1f46b53e.flac,czart
pol-1f4d826f.flac,futro
pol-1f4f0bfd.flac,muzeum
pol-1f7509be.flac,kaszkiet
pol-1f90b622.flac,fantazja
pol-1fc0f723.flac,narodzić
pol-1fdb0237.flac,byle
pol-20042398.flac,doradca
pol-208708b7.flac,niedbały
pol-208c3d56.flac,magiczny
pol-20d2a1f3.flac,historyczny
pol-20d330eb.flac,dziwak
pol-20fb8a5a.flac,kłamstwo
pol-20fce84c.flac,interesant
pol-211be1f8.flac,autorytet
pol-217b8ebf.flac,dzidziuś
pol-21b882d2.flac,nudny
pol-21c5c864.flac,aha
pol-226fe118.flac,fest
pol-227d47d4.flac,darować
pol-2285c9dd.flac,lada
pol-2291e9f9.flac,czarci
pol-22bc1e42.flac,kołchoz
pol-22c1effb.flac,doświadczenie
pol-2338a6a1.flac,dokładnie
pol-239dda66.flac,medycyna
pol-23a1d4f4.flac,działalność
pol-23bad5c3.flac,należy
pol-23d255bc.flac,morał
pol-23d57df6.flac,kierowanie
pol-23e6184c.flac,dwanaście
pol-23ecfe99.flac,niezwykle
pol-246476fd.flac,kiwać
pol-24c147a2.flac,gorąco
pol-24d80eec.flac,intelektualny
pol-25044cae.flac,kupować
pol-25dc4735.flac,indywidualistyczny
pol-25ea1eb9.flac,energia
pol-268b9c9d.flac,agent
pol-269c7e4a.flac,dogasnąć
pol-26b05603.flac,długotrwały
pol-26b082e7.flac,niepowodzenie
pol-26c9d5e2.flac,nigdzie
pol-272a5860.flac,niepotrzebny
pol-2738d920.flac,dostęp
pol-27430e4a.flac,brytański
pol-274ec0a0.flac,drugi
pol-275d59ea.flac,gładki
pol-276f1cd5.flac,bulwar
pol-27d752e9.flac,kulturalny
pol-27e46476.flac,korytarz
pol-28211b1a.flac,grzyb
pol-283a7763.flac,figura
pol-28430d3c.flac,kryzys
pol-28537b03.flac,komisarz
pol-28cc6a1a.flac,niekiedy
pol-28f375cc.flac,nieśmiertelny
pol-2937abab.flac,kwas
pol-298f3b92.flac,areszt
pol-29d67bd3.flac,budzić
pol-29dc80b3.flac,chorobliwy
pol-2a2ed172.flac,całować
pol-2a4a95c3.flac,natychmiast
pol-2a4ad3f2.flac,koszary
pol-2aa226d4.flac,kolejny
pol-2acb50e0.flac,jeleń
pol-2b08f17f.flac,nocować
pol-2b2714f2.flac,bić
pol-2b9a8a7f.flac,literacki
pol-2bc5cc18.flac,dział
pol-2bed3563.flac,firma
pol-2c0b2eb8.flac,głęboko
pol-2c11c68c.flac,aktówka
pol-2c1c4e00.flac,delegacja
pol-2c220d1c.flac,cały
pol-2c2235f9.flac,koje
pol-2c7650be.flac,lotnictwo
pol-2cb87188.flac,kilogram
pol-2cdf5b2f.flac,gałązka
pol-2ce033f9.flac,doskonale
pol-2ce0c6c0.flac,kółko
pol-2ced8710.flac,brzuch
pol-2d1ad2de.flac,dyplomata
pol-2db10642.flac,balkon
pol-2dc974db.flac,beznadziejny
pol-2ddc51d7.flac,duma
pol-2de9a855.flac,dochód
pol-2deee2e6.flac,dziesiąty
pol-2df34d64.flac,nakryć
pol-2e68d39f.flac,materiał
pol-2ec5503c.flac,cenić
pol-2f24d451.flac,niżej
pol-2f76e5f8.flac,kosą
pol-2fe0a434.flac,humor
pol-3044d965.flac,ciut-ciut
pol-30ec03d7.flac,fontanna
pol-310524a8.flac,chmara
pol-31075eba.flac,autor
pol-312d4b6f.flac,kącik
pol-31362d4f.flac,leniwie
pol-313e9e76.flac,kwadratowy
pol-3157e8bf.flac,obok
pol-3166d4cd.flac,międzynarodowy
pol-31d3ddd4.flac,marzenie
pol-31d953ff.flac,klapać
pol-31f527d7.flac,brew
pol-32530aab.flac,dwudziesty
pol-325c5c0d.flac,niejasny
pol-328086f3.flac,kurz
pol-32b7fc69.flac,medyczny
pol-32c3cee4.flac,milczenie
pol-32d6dddd.flac,nabrać
pol-32f454a2.flac,dokoła
pol-33102c5c.flac,budownictwo
pol-33385181.flac,chwilka
pol-339eb01f.flac,niemożliwie
pol-33ba37d4.flac,bielizna
pol-33bde804.flac,kreml
pol-33e68c67.flac,niezależny
pol-34218d00.flac,niewolnik
pol-343a081b.flac,dokument
pol-345666a8.flac,naciągnąć
pol-346b57fe.flac,dzwonić
pol-34a15bf1.flac,nareszcie
pol-34c68920.flac,malarz
pol-34c9e90f.flac,niedługo
pol-35063ce4.flac,czystość
pol-357d5da7.flac,blady
pol-358c88a2.flac,moment
pol-359139d6.flac,lider
pol-35d01998.flac,ciemny
pol-36001e35.flac,największy
pol-3616c0f7.flac,gościnny
pol-36806645.flac,górski
pol-36c6e570.flac,mnich
pol-36f3bbe4.flac,kopać
pol-375d0a2e.flac,niedaleko
pol-376112ba.flac,drzeć
pol-378c057a.flac,kroczyć
pol-37a9e66f.flac,mieszkaniec
pol-37e5fa06.flac,interes
pol-37fc77e4.flac,między
pol-3844ff00.flac,dziś
pol-385c5539.flac,głupio
pol-3884e4e1.flac,metro
pol-3894307a.flac,nadzwyczaj
pol-38b68b99.flac,generał
pol-393b5256.flac,dostojny
pol-396a5df4.flac,błyszczeć
pol-397ddcef.flac,goły
pol-39805e8b.flac,frontowy
pol-39986e43.flac,album
pol-39e37571.flac,komisja
pol-3a13b296.flac,kolorowy
pol-3a2a9114.flac,kosz
pol-3a6580b5.flac,gratulować
pol-3a74c161.flac,gospodyni
pol-3a971e21.flac,nieumiejętnie
pol-3ae4693f.flac,biblioteka
pol-3b1964b3.flac,gazeta
pol-3b24e953.flac,kłuć
pol-3b2c8835.flac,morski
pol-3b5cbf3b.flac,biec
pol-3be687ea.flac,hańba
pol-3becb0ba.flac,kadr
pol-3bffc601.flac,królowa
pol-3c317b22.flac,bieg
pol-3c406dd6.flac,niegłośny
pol-3c43e2f6.flac,nieprzyjaciel
pol-3c46a994.flac,naciskać
pol-3c6709d9.flac,ikona
pol-3c6b8ca7.flac,dotrwać
pol-3ca59fbf.flac,melonik
pol-3cbf69dd.flac,instrument
pol-3d34fd09.flac,major
pol-3da5e08b.flac,męski
pol-3dc1e426.flac,bazar
pol-3dc453d3.flac,drewniany
pol-3e01423f.flac,laboratorium
pol-3e17e227.flac,bark
pol-3e219d3c.flac,główka
pol-3e873eff.flac,dziecięcy
pol-3ec6cc12.flac,koperta
pol-3ef6217e.flac,norma
pol-3f277951.flac,głucho
pol-3f5cc5f8.flac,obecny
pol-3fa550b2.flac,dywizja
pol-3fbcc10d.flac,bóg
pol-3fcbd242.flac,by
pol-4018e2b9.flac,dzienny
pol-407880c9.flac,drżeć
pol-40a50aed.flac,chodnik
pol-40c21c78.flac,konferencja
pol-410dbdb0.flac,bój
pol-4138b77c.flac,czerwienny
pol-41405e39.flac,element
pol-41471e3c.flac,chęć
pol-416effd3.flac,emerytura
pol-4198be9c.flac,brak
pol-41e0e566.flac,lament
pol-42116bf3.flac,kapitał
pol-422855b1.flac,korespondent
pol-427d46e2.flac,basen
pol-4282b936.flac,dobro
pol-428b5a94.flac,kiełbasa
pol-42c4c979.flac,ale
pol-42de3b21.flac,niski
pol-42e056f0.flac,gąsior
pol-42e549f6.flac,horyzont
pol-430c6df1.flac,ideologiczny
pol-431fadad.flac,kark
pol-4362cf8b.flac,dla
pol-436a884f.flac,lawa
pol-43ea57b9.flac,krajobraz
pol-44062896.flac,eksplodować
pol-45069ae7.flac,nieźle
pol-4529ff55.flac,narta
pol-45c04f89.flac,bojowiec
pol-45d39587.flac,nieszczęśliwy
pol-465e5f68.flac,nieprzerwany
pol-466ae784.flac,lód
pol-469d82be.flac,eksperyment
pol-4727f3d8.flac,nabój
pol-474efd5e.flac,niepokoić
pol-475d963e.flac,liczba
pol-4770ab09.flac,charakterystyka
pol-478e5acf.flac,błoto
pol-479902d2.flac,nieznośny
pol-47b00b0e.flac,niemało
pol-48637d45.flac,fantastyczny
pol-4884385b.flac,jestem
pol-48890251.flac,królestwo
pol-4893cb78.flac,który
pol-48add9ed.flac,duchowny
pol-48b48328.flac,iskra
pol-48da48b0.flac,globulka
pol-499c3e79.flac,klasyczny
pol-49aea37b.flac,część
pol-49d9f48f.flac,czy
pol-4a3d3c33.flac,nastać
pol-4a5948a9.flac,kąt
pol-4a5d3615.flac,druk
pol-4a882f2a.flac,gospodarz
pol-4af5b977.flac,dolar
pol-4b30be84.flac,domek
pol-4b51d0bd.flac,finansowy
pol-4b5c3e57.flac,kurs
pol-4b725f34.flac,cech
pol-4bbf1fc5.flac,bańka
pol-4be23fcb.flac,aktywny
pol-4be483ab.flac,mrożony
pol-4bfb15f1.flac,mama
pol-4c1a865e.flac,dwadzieścia
pol-4c4763b7.flac,cisnąć
pol-4cb71a14.flac,ciężki
pol-4cc5868d.flac,jednakowo
pol-4cd3dd17.flac,gęsty
pol-4cda2ff0.flac,cień
pol-4cfa0599.flac,kran
pol-4d18bc2c.flac,nomenklatura
pol-4dbb9e2e.flac,istnienie
pol-4dced5b4.flac,boczny
pol-4e6d3461.flac,napaść
pol-4eef49a5.flac,marynarka
pol-4f636a1e.flac,drobnostka
pol-4f860950.flac,dumać
pol-4fa36085.flac,dusza
pol-4fa84d9a.flac,cywilizacja
pol-503af12f.flac,główny
pol-5104c6de.flac,niewiele
pol-51054eaa.flac,idealny
pol-5154602f.flac,czajnik
pol-51745591.flac,dotykać
pol-51b255e5.flac,miecz
pol-51bb08d4.flac,kielich
pol-51d56226.flac,faszysta
pol-5245dc6c.flac,kwiecień
pol-52748130.flac,naukowy
pol-52a7337b.flac,etap
pol-52d6531c.flac,można
pol-5335a7e0.flac,emocjonalny
pol-533a0fe1.flac,nieprzyjemność
pol-533c8fa1.flac,lądowanie
pol-5340e4c0.flac,nasienie
pol-534c55eb.flac,metr
pol-5353b03b.flac,bacznie
pol-53692344.flac,myśleć
pol-536da93c.flac,archiwum
pol-5372d2f8.flac,izba
pol-53a9a536.flac,mechanizm
pol-53bfbe6c.flac,już
pol-541977f2.flac,nienawiść
pol-54425475.flac,desperacja
pol-54530385.flac,nieść
pol-5467053f.flac,dziwo
pol-54a9ae45.flac,nieunikniony
pol-54af6111.flac,kryminalny
pol-54bfff4f.flac,dochodzić
pol-54c03b82.flac,kiedyś
pol-54cc5b44.flac,niewątpliwie
pol-54f25d6c.flac,dziwny
pol-55194f5a.flac,malutki
pol-554e1840.flac,furia
pol-5553e87d.flac,nabywca
pol-555a9d7f.flac,fantazmat
pol-5598f1ac.flac,nazwać
pol-559bf597.flac,niezrozumiały
pol-55c235f8.flac,obietnica
pol-55caf762.flac,etat
pol-56260328.flac,kolor
pol-56460c12.flac,konflikt
pol-56526171.flac,generalny
pol-56576ef8.flac,cichutko
pol-56617494.flac,gumowy
pol-5682f9ed.flac,morderca
pol-56b2b48b.flac,dręczyć
pol-56b9ba28.flac,facet
pol-56ce98db.flac,charakter
pol-56ec6499.flac,dotkliwie
pol-570fb8c5.flac,lewy
pol-5711992a.flac,akcent
pol-572920c8.flac,dochodzenie
pol-575643e0.flac,cienki
pol-57a06dc0.flac,atak
pol-57b91d5e.flac,barak
pol-57c7adc3.flac,budowlany
pol-57e87c35.flac,anegdota
pol-57f4beeb.flac,izraelski
pol-5814594f.flac,mecz
pol-582962db.flac,kleks
pol-582a122f.flac,mętny
pol-582a8237.flac,lekkość
pol-5845c4a0.flac,nerwica
pol-5880d817.flac,nabierać
pol-58deb5e4.flac,ciasno
pol-59bc4ff9.flac,modny
pol-59d14bfe.flac,kartka
pol-5a052040.flac,demonstrować
pol-5a1edd1d.flac,czysto
pol-5a3631ad.flac,nieobecność
pol-5a4fb91e.flac,numer
pol-5a6662a2.flac,literatura
pol-5b0428ea.flac,drobny
pol-5b1625b9.flac,chwiać
pol-5b21c05a.flac,kategorycznie
pol-5b73fd57.flac,dziki
pol-5bd11ddb.flac,dłoń
pol-5c23d738.flac,książę
pol-5c96e19f.flac,obiektywny
pol-5cd9912e.flac,miliard
pol-5d10e3ef.flac,obchodzić
pol-5d56a69e.flac,korporacja
pol-5d8a81e9.flac,delikatnie
pol-5e06f4f9.flac,nafta
pol-5e69c24f.flac,familia
pol-5e99b3bc.flac,francuski
pol-5ea7b8ce.flac,lepszy
pol-5ec7f2c3.flac,dawno
pol-5f57ff38.flac,atmosfera
pol-5fa2d29c.flac,burta
pol-5fcb3ba5.flac,nabywać
pol-5fcc2593.flac,jechać
pol-60044876.flac,luty
pol-6006b5d3.flac,grzech
pol-6017fd2e.flac,nazwa
pol-602c59ac.flac,choinka
pol-6041d807.flac,kabina
pol-608c03d2.flac,fakultet
pol-609c740a.flac,bezpośredni
pol-609fdcaa.flac,gospodarka
pol-60a1ae3e.flac,czasopismo
pol-60e4a616.flac,gustowny
pol-60fd2531.flac,lekki
pol-610af711.flac,nerwowy
pol-61475467.flac,jeździć
pol-615eccf4.flac,naruszać
pol-61617e78.flac,akcja
pol-618640fd.flac,dowcip
pol-618de3b1.flac,koza
pol-61dfe627.flac,lubować
pol-61f1ab4a.flac,nić
pol-627a4d21.flac,nieprawdopodobnie
pol-62a16fa8.flac,jagoda
pol-62b35002.flac,marznąć
pol-62b4704f.flac,lotnisko
pol-62f2f4a9.flac,bogaty
pol-638bb0b7.flac,bywać
pol-640199fd.flac,dlatego
pol-6426aa16.flac,cicho
pol-645f70ba.flac,gardło
pol-6473c5eb.flac,adwokat
pol-649b9076.flac,dostawać
pol-64b820b0.flac,cios
pol-64d9a1fc.flac,dumny
pol-6560c9ad.flac,budowniczy
pol-6561e8be.flac,cyfra
pol-656be4f7.flac,częsty
pol-657bda74.flac,głos
pol-65841dad.flac,dzięki
pol-65cd6ed5.flac,grot
pol-666bbcb5.flac,badanie
pol-6729136d.flac,czuły
pol-67357f4c.flac,akt
pol-67550a65.flac,gotowość
pol-67aa281f.flac,no
pol-67c9a90c.flac,nerw
pol-680b8263.flac,dąć
pol-6816df2c.flac,chudoba
pol-6822e8ee.flac,drąg
pol-685d6d69.flac,motocykl
pol-6867902b.flac,lew
pol-6898e9a3.flac,eksplozja
pol-68c832fb.flac,budowa
pol-68f714b5.flac,dodatni
pol-691b6d98.flac,ciąć
pol-697cc02c.flac,nabrzeże
pol-69835631.flac,niepokój
pol-69adeef5.flac,miejscowy
pol-69c10143.flac,farba
pol-69d508d2.flac,albo
pol-6a29d0b5.flac,komunizm
pol-6a623073.flac,niewidocznie
pol-6a89245c.flac,bania
pol-6a9d691d.flac,gospodarczy
pol-6abfb711.flac,kociątko
pol-6ad5c3a6.flac,baniak
pol-6b38b7de.flac,kierowca
pol-6b6c80cb.flac,cudzoziemiec
pol-6bb6b6d4.flac,grupa
pol-6bd64c9e.flac,krwisty
pol-6be434fd.flac,bomba
pol-6ca27ab1.flac,mięsień
pol-6ca470c0.flac,kula
pol-6cb5034c.flac,muzyczny
pol-6cc2e0fa.flac,boa
pol-6cd31b51.flac,fokus
pol-6ce5147c.flac,cegła
pol-6d19e32e.flac,naczynie
pol-6d44fc8d.flac,leżeć
pol-6dc36899.flac,artykuł
pol-6df05284.flac,materia
pol-6e216339.flac,bieganina
pol-6e62ac07.flac,narodowy
pol-6e6e4014.flac,kosmiczny
pol-6e74df6e.flac,jęczeć
pol-6e7d7e9e.flac,handlowy
pol-6ec5178a.flac,mina
pol-6ecf53c1.flac,maj
pol-6ed28dde.flac,kopyto
pol-6f7c5e8a.flac,bieżący
pol-7015aab1.flac,garb
pol-701cc24c.flac,czwarty
pol-702f6962.flac,furtka
pol-70c0106f.flac,dotknąć
pol-711ef3e1.flac,bojaźliwie
pol-712ada26.flac,ciężarówka
pol-713cffae.flac,jeździec
pol-71674cb5.flac,obowiązkowy
pol-71b91ef9.flac,brać
pol-71f85d9e.flac,ciepło
pol-71faca2f.flac,dosłownie
pol-7272f018.flac,dar
pol-728ca90b.flac,gówno
pol-72b0f1ca.flac,dyżurować
pol-72bb49b0.flac,gwiaździsty
pol-72c18e0a.flac,obiekt
pol-72ce03ad.flac,miękki
pol-7368e0c6.flac,choina
pol-73c17989.flac,gniazdo
pol-742dfcca.flac,budżet
pol-74413d2f.flac,nieznajomy
pol-74669e22.flac,betonowy
pol-749f46dd.flac,alarm
pol-74bcc998.flac,jedyny
pol-74d95e08.flac,aparat
pol-7549629e.flac,mniejszy
pol-75f46454.flac,instynkt
pol-763c14bf.flac,lśnić
pol-76439633.flac,liście
pol-76d3ace5.flac,latarka
pol-76f8e16e.flac,bek
pol-770e9946.flac,komunistyczny
pol-771e23a8.flac,budowla
pol-773de69d.flac,car
pol-778a4551.flac,kończyć
pol-778d5700.flac,mądrość
pol-77e417ce.flac,kręcić
pol-77e47b57.flac,jednostka
pol-78003829.flac,miejsce
pol-780504a1.flac,jesienny
pol-788326bf.flac,intonacja
pol-78998e51.flac,milcząco
pol-78abe440.flac,korzeń
pol-78e79937.flac,korzyść
pol-78ecdd12.flac,jar
pol-793c43c7.flac,kamienny
pol-79516c08.flac,następny
pol-7952960d.flac,bezpłatny
pol-79612c87.flac,gwałtowny
pol-79c1d89d.flac,doktryna
pol-79d7f3cd.flac,ambasada
pol-79e3adb8.flac,choć
pol-7a414023.flac,emeryt
pol-7a47a000.flac,informacja
pol-7a4c122d.flac,kocić
pol-7a5b8291.flac,druhna
pol-7a891ecb.flac,bufet
pol-7a936de8.flac,martwy
pol-7a98d401.flac,nosić
pol-7aa4dba9.flac,filozof
pol-7ae63f96.flac,kopnąć
pol-7b146653.flac,brygadzista
pol-7b157128.flac,błędny
pol-7b1b221e.flac,krzyż
pol-7ba507da.flac,fach
pol-7be5bd08.flac,napięty
pol-7be953c9.flac,kariera
pol-7c039a39.flac,dostarczyć
pol-7c0535e9.flac,gorzko
pol-7c212a69.flac,listopad
pol-7c7aa616.flac,enigmatyczny
pol-7c9cfda1.flac,luby
pol-7cb7e48a.flac,nakłonić
pol-7d2d2db4.flac,apetyt
pol-7d35bcc6.flac,garbarski
pol-7d3a71d6.flac,fuga
pol-7d5a109d.flac,klub
pol-7d605d5d.flac,akademik
pol-7d6165b4.flac,dym
pol-7dabb3a7.flac,czterdzieści
pol-7dc9a06c.flac,dokładać
pol-7dce45d3.flac,kodeks
pol-7de6fa45.flac,nawet
pol-7e0e4225.flac,obojętny
pol-7e592676.flac,działanie
pol-7eb1ffe1.flac,niedawno
pol-7eeb8ba2.flac,drań
pol-7eefc673.flac,gaz
pol-7eff6e58.flac,gruchot
pol-7f404707.flac,kołnierz
pol-7f6c357f.flac,eszelon
pol-80120518.flac,na
pol-8044ae7c.flac,kawałeczek
pol-8093deb1.flac,górny
pol-809882ad.flac,energiczny
pol-809df66b.flac,handlarz
pol-80f8ae4e.flac,hulać
pol-8158ae91.flac,kuter
pol-8174e917.flac,niebezpieczeństwo
pol-81b9e854.flac,jawnie
pol-81c17e16.flac,aktor
pol-81d1294b.flac,japoński
pol-81d35f90.flac,cerkiew
pol-81f5c66c.flac,maksymalny
pol-82145246.flac,ludność
pol-82368280.flac,chrobotać
pol-8244be22.flac,film
pol-82c14b8f.flac,etyczny
pol-8336a4bc.flac,moskiewski
pol-83708ac9.flac,chciwie
pol-837b57b6.flac,kierownica
pol-83a9df10.flac,lecieć
pol-83e0d85e.flac,ciec
pol-844d27b5.flac,mężulek
pol-84557d8a.flac,bezszelestny
pol-8465b5e9.flac,dymić
pol-84d06916.flac,dźwięczny
pol-84e0fb10.flac,gad
pol-84ef5bdc.flac,były
pol-85b3f9e4.flac,obowiązkowo
pol-85c0f488.flac,niepokojący
pol-85e1a3b1.flac,fala
pol-8612c951.flac,dziesięć
pol-86699b3c.flac,akumulator
pol-869a83a6.flac,muzyk
pol-86c56131.flac,brodzić
pol-86c8f714.flac,idiota
pol-86e88956.flac,guzik
pol-86fb8a42.flac,konkretny
pol-87035b20.flac,dopuszczać
pol-871e2305.flac,kopalnia
pol-8752e2d5.flac,hamować
pol-87788344.flac,mrok
pol-87a23755.flac,chłop
pol-87c4eeb5.flac,fałd
pol-87c5f229.flac,dekret
pol-87d77a7f.flac,gazetowy
pol-882c8e02.flac,dług
pol-8866f92f.flac,milicjant
pol-887d54a2.flac,certować
pol-887dcd7b.flac,dal
pol-889a7556.flac,dok
pol-88a6a515.flac,mechaniczny
pol-88cbc6c1.flac,kubeł
pol-88d784d7.flac,mroczny
pol-8917b780.flac,grabieżca
pol-89279fdb.flac,obrachunek
pol-899e8004.flac,lekko
pol-89c1a22f.flac,chodzić
pol-8a5303c0.flac,budka
pol-8a5f6c64.flac,gościna
pol-8a654ab0.flac,niedawny
pol-8a6761b6.flac,mróz
pol-8a8cfce2.flac,czyżby
pol-8ad29276.flac,koleżka
pol-8ad32d9d.flac,kupa
pol-8ae54259.flac,nader
pol-8b31c09f.flac,nad
pol-8b46696b.flac,niezły
pol-8b6ac560.flac,centrum
pol-8b6fcd8d.flac,bielak
pol-8b89b419.flac,ilość
pol-8bd678b2.flac,noc
pol-8bed4a25.flac,kawiarnia
pol-8bfeab23.flac,kucharz
pol-8c1709e4.flac,bok
pol-8c43f9da.flac,biodro
pol-8c4d3b00.flac,milczący
pol-8cfe033d.flac,dacza
pol-8cfe8d79.flac,natka
pol-8d3ce74e.flac,nauka
pol-8d71713c.flac,burknąć
pol-8dc97025.flac,karta
pol-8e059aa8.flac,katastrofa
pol-8e10a157.flac,marynarz
pol-8e26d551.flac,najmniejszy
pol-8e6ff1b9.flac,cieniutki
pol-8e71634a.flac,nawałnica
pol-8e8095e8.flac,dziękuje
pol-8e8888db.flac,aluzja
pol-8ea62b3b.flac,czynnik
pol-8ec8f48f.flac,decyzja
pol-8ed08584.flac,elektronowy
pol-8f0717c5.flac,miara
pol-8f709a4a.flac,niemożliwy
pol-8fc6fa1e.flac,dwieście
pol-8fd849e0.flac,kruszec
pol-8ffff68b.flac,lato
pol-9055adf7.flac,batalion
pol-9058c05f.flac,aj
pol-9066969b.flac,królewicz
pol-9067eca5.flac,niepewny
pol-908fbc33.flac,byk
pol-90a783b2.flac,moda
pol-90c877c9.flac,nalegać
pol-90f21f47.flac,cichy
pol-911db7c3.flac,kostium
pol-91670f6a.flac,artyleryjski
pol-918f211e.flac,mamrotać
pol-91a1e9a0.flac,fizyczny
pol-91bf51a6.flac,często
pol-91d027bb.flac,nieprzyjemny
pol-91ec3023.flac,absolutnie
pol-91febf64.flac,kopia
pol-923033f8.flac,cierpienie
pol-923a4c36.flac,obejrzeć
pol-92ab84e2.flac,czyścić
pol-92b599a0.flac,kontynuacja
pol-92ec5ea7.flac,buczeć
pol-9301be5f.flac,gorączka
pol-933ebba4.flac,guzdrać
pol-9356533f.flac,duchowy
pol-9378917d.flac,brzmieć
pol-939fd82e.flac,kilka
pol-93cd2b39.flac,nabity
pol-93cd5c6a.flac,flota
pol-94001968.flac,baba
pol-943dd0cb.flac,obciążenie
pol-9469a719.flac,narada
pol-949e778a.flac,cyrk
pol-94aa17f5.flac,kropla
pol-94c6f75a.flac,biwak
pol-94dfc7fb.flac,nadesłać
pol-95020495.flac,lat
pol-95654e0d.flac,gra
pol-956690dc.flac,gorzki
pol-95a9ecac.flac,cywilny
pol-95e5bcb8.flac,los
pol-96ec800e.flac,dno
pol-96effa3b.flac,demokracja
pol-97154683.flac,kąpiel
pol-974f0b6a.flac,niszczyć
pol-97bc54af.flac,kompania
pol-97e48c5b.flac,obejść
pol-985030bd.flac,narząd
pol-985d6139.flac,koniec
pol-98e541fb.flac,dopuszczalny
pol-98e857b7.flac,gwóźdź
pol-99053013.flac,federacja
pol-993387b1.flac,cap
pol-999a7f64.flac,jęk
pol-99a04e29.flac,delikatność
pol-99a5b5aa.flac,kwartał
pol-99a75f8e.flac,chapać
pol-9a0c622b.flac,coś
pol-9a230f35.flac,kawior
pol-9a81d469.flac,absolutny
pol-9ad3867d.flac,gest
pol-9afa78ba.flac,kraść
pol-9b1279df.flac,ludzkość
pol-9b133506.flac,gracz
pol-9b2684cc.flac,gałąź
pol-9bada698.flac,miękko
pol-9bb8226d.flac,bateria
pol-9be0f1e7.flac,bodziec
pol-9c0bb1e3.flac,donikąd
pol-9c374127.flac,lekcja
pol-9c49c857.flac,broda
pol-9c4fb52d.flac,czym
pol-9c50e8ec.flac,chudy
pol-9c56c08d.flac,listewka
pol-9c78bab2.flac,bronić
pol-9c8e029b.flac,fachowy
pol-9d45c095.flac,do
pol-9da28801.flac,irytacja
pol-9db5b443.flac,akademia
pol-9dd3fc91.flac,niektóry
pol-9e117c26.flac,bezpieczeństwo
pol-9ec1cd4e.flac,należeć
pol-9ed17241.flac,ideologia
pol-9f25eb9b.flac,gram
pol-9f4b27a0.flac,kondolencja
pol-9f623a10.flac,gubić
pol-9f78f0b5.flac,miejscowość
pol-9f8aa444.flac,koszt
pol-9fba2a2e.flac,masa
pol-9fc271e8.flac,czerep
pol-9fc4f932.flac,amator
pol-a02fb1c7.flac,lejtnant
pol-a083e77f.flac,ludzki
pol-a0948982.flac,miedziany
pol-a0adcf86.flac,dźgnąć
pol-a1179bb5.flac,nieokreślony
pol-a1655289.flac,konkurs
pol-a197e587.flac,filozofia
pol-a1d7ae8e.flac,kierownictwo
pol-a213dc98.flac,krok
pol-a224c27f.flac,migać
pol-a23578d1.flac,inteligentny
pol-a2436915.flac,bagnisko
pol-a24589fc.flac,boski
pol-a250694e.flac,mimo
pol-a25f1f63.flac,mnóstwo
pol-a26d4c09.flac,dziura
pol-a28299f5.flac,czołg
pol-a29ba57b.flac,kij
pol-a2a10107.flac,kaźń
pol-a31795c8.flac,książkowy
pol-a36be3b8.flac,głupiec
pol-a396fe45.flac,całus
pol-a3ca44b3.flac,kara
pol-a40cf34a.flac,kość
pol-a42a2807.flac,dojść
pol-a43beb7e.flac,luźny
pol-a45407c1.flac,niedźwiedż
pol-a45914ad.flac,boże
pol-a48cde72.flac,firanka
pol-a4cc434f.flac,mdły
pol-a5021b03.flac,dzieciństwo
pol-a51574f7.flac,mgła
pol-a5346ea3.flac,krytyka
pol-a53a9431.flac,dobra
pol-a55fbd6d.flac,haczyk
pol-a58fa7de.flac,nauczanie
pol-a5d4bf21.flac,ciężko
pol-a61bc3a4.flac,lud
pol-a63c6ab7.flac,nadążać
pol-a72457a2.flac,gniew
pol-a746dca9.flac,bohater
pol-a751a3af.flac,dziesiątek
pol-a77dd19d.flac,fakt
pol-a7a14518.flac,motyw
pol-a7d0c0cc.flac,analogiczny
pol-a7d63246.flac,nanieść
pol-a7db58a3.flac,epizod
pol-a80c7059.flac,kompleks
pol-a825e15a.flac,kryminał
pol-a827ec2d.flac,mocno
pol-a86735ef.flac,gospodarstwo
pol-a86e1885.flac,ból
pol-a894e0e7.flac,morda
pol-a8eafea6.flac,kroić
pol-a910b02b.flac,naturalnie
pol-a949ece5.flac,krawat
pol-a9638962.flac,kierownik
pol-a99ec493.flac,jakikolwiek
pol-a9c96001.flac,frasunek
pol-a9e41f94.flac,chroniczny
pol-a9e5910c.flac,aktywnie
pol-a9e649c3.flac,malec
pol-aa134792.flac,dawny
pol-aa3648c2.flac,fajka
pol-aa50e0f1.flac,hura
pol-aa6c7b23.flac,młodociany
pol-aa82dce6.flac,dogodzić
pol-aaa195bb.flac,apel
pol-aaaa97e5.flac,czczy
pol-aac30def.flac,kosztowny
pol-aace785e.flac,kształtowanie
pol-aaf2945c.flac,normalnie
pol-ab18f2d1.flac,jaskrawy
pol-ab617873.flac,doprowadzić
pol-ab7d5f47.flac,doradzać
pol-ac0a00b5.flac,ciasny
pol-ac157582.flac,niewidzialny
pol-ac166551.flac,kino
pol-ac85eeae.flac,bud
pol-acaac887.flac,domniemanie
pol-acaaeceb.flac,jakby
pol-acace3e3.flac,dobrać
pol-accff5fc.flac,leki
pol-ad2c2996.flac,milicja
pol-ad458f99.flac,drukować
pol-ad4d49c9.flac,błagać
pol-ad6a99f7.flac,badawczy
pol-ad8ecc43.flac,junak
pol-adce4202.flac,naukowo-
pol-add5f171.flac,fabuła
pol-adf3f363.flac,data
pol-ae21fb89.flac,dolegliwy
pol-aee0bcc6.flac,dbać
pol-af6cc13e.flac,braciszek
pol-af85ffe8.flac,fizjonomia
pol-af8d1303.flac,ministerstwo
pol-af8d175b.flac,cmentarz
pol-afbb952d.flac,nieprawidłowy
pol-b0047d2d.flac,instytut
pol-b01be6cb.flac,fałszywy
pol-b0358497.flac,gołąbeczek
pol-b03e3d05.flac,dwukrotnie
pol-b04ebb53.flac,nazywać
pol-b04f58f8.flac,kosa
pol-b0ba7c5d.flac,gablota
pol-b0c4862a.flac,niemiecki
pol-b12b52bd.flac,bojowy
pol-b132feca.flac,but
pol-b1464f8e.flac,kochanek
pol-b178d5bc.flac,głąb
pol-b1a9c9a9.flac,drwiący
pol-b2256b2e.flac,obiecać
pol-b24e9372.flac,listek
pol-b28f9278.flac,natomiast
pol-b2d1b071.flac,napięcie
pol-b2f3a6d7.flac,niespodziewany
pol-b3142710.flac,obcas
pol-b364be5f.flac,niemały
pol-b381af07.flac,najbliższy
pol-b3a13484.flac,końcowy
pol-b3ee6d09.flac,chłód
pol-b4422e97.flac,objaśniać
pol-b45f8ae5.flac,marzyć
pol-b46559a4.flac,kozak
pol-b4975599.flac,mokry
pol-b4b7863c.flac,objąć
pol-b4f97d68.flac,manszeta
pol-b536fb5f.flac,cela
pol-b58ed815.flac,ciekawy
pol-b5bde2cf.flac,niezwykły
pol-b5c4d01a.flac,niedopałek
pol-b67c80dc.flac,meszek
pol-b67fa0f0.flac,dziewiąty
pol-b6de0891.flac,chłopiec
pol-b7027555.flac,niespodzianka
pol-b7167c42.flac,fraza
pol-b7542257.flac,kontakt
pol-b7697964.flac,inspektor
pol-b7950cfa.flac,nóżka
pol-b7c3238a.flac,dzwon
pol-b8076846.flac,gęsto
pol-b81133dc.flac,jednakowy
pol-b8183498.flac,czarodziej
pol-b8455ea1.flac,dodatkowy
pol-b871a2a0.flac,możliwy
pol-b87f063f.flac,administracja
pol-b87ffa64.flac,metalowy
pol-b8a221a3.flac,gabinet
pol-b8a8bf0c.flac,kolekcja
pol-b8b40425.flac,mądry
pol-b950c45f.flac,baron
pol-b9599189.flac,grać
pol-b96ffe0a.flac,miejski
pol-ba50fec2.flac,kredyt
pol-ba5be49c.flac,naokoło
pol-ba98a1bf.flac,czule
pol-bad175f2.flac,kasa
pol-bade848d.flac,lipiec
pol-bae5571b.flac,gitara
pol-bb045416.flac,dróżka
pol-bb40d956.flac,chować
pol-bb65d4cc.flac,adnotacja
pol-bbbfc17f.flac,fioletowy
pol-bbeda90b.flac,ach
pol-bbf56bbe.flac,doba
pol-bc217c18.flac,baśń
pol-bc4be636.flac,dół
pol-bc63e0b8.flac,fotel
pol-bc6fc116.flac,minąć
pol-bc75dde5.flac,czeczeński
pol-bc93327a.flac,goryczka
pol-bcf120b8.flac,lęk
pol-bcfa67d1.flac,dyrektor
pol-bd1ddcda.flac,niespodziewanie
pol-bd291c70.flac,maniera
pol-bd392452.flac,dwoje
pol-bdbbff26.flac,młodość
pol-bdbcc8ab.flac,biwakowy
pol-be165724.flac,carski
pol-be25d6e8.flac,dorywczy
pol-be32debe.flac,luka
pol-becc84ca.flac,obiecywać
pol-bf271a1c.flac,materialny
pol-bf3e1c51.flac,grzbiet
pol-bfa573f4.flac,kolej
pol-c041785a.flac,agencja
pol-c0537a51.flac,nienawistny
pol-c062f4c9.flac,metal
pol-c076297c.flac,niewiarogodny
pol-c0770c3d.flac,nadarzać
pol-c0930974.flac,dowódca
pol-c0c5a653.flac,gatunek
pol-c0d12056.flac,nalewać
pol-c104acc9.flac,ciemno
pol-c121ff12.flac,burza
pol-c150e6ea.flac,każda
pol-c16908e2.flac,objęcia
pol-c1bc2867.flac,leczenie
pol-c20ea4a9.flac,aż
pol-c23959c2.flac,dziewica
pol-c2690d2b.flac,kraty
pol-c2d7bc87.flac,niedobrze
pol-c334e143.flac,centralny
pol-c347a879.flac,blask
pol-c3654d3a.flac,burzliwy
pol-c3a96f3e.flac,niby
pol-c3c17c11.flac,nalać
pol-c3d100f7.flac,gwizd
pol-c4082b81.flac,dawka
pol-c4b8bddf.flac,efektywny
pol-c509ffd3.flac,błysnąć
pol-c5688b8d.flac,głęboki
pol-c61013d4.flac,korpus
pol-c63d22f3.flac,każde
pol-c6711238.flac,blaszka
pol-c67213d0.flac,możliwość
pol-c67f5c1e.flac,melanż
pol-c6cb5c5c.flac,figurka
pol-c6f86af0.flac,głupstwo
pol-c7074207.flac,komunista
pol-c7553be0.flac,drut
pol-c76385d7.flac,grzmotnąć
pol-c7832ff2.flac,kampania
pol-c796bae4.flac,inskrypcja
pol-c7a85838.flac,inicjatywa
pol-c7addaae.flac,marsz
pol-c85c200f.flac,oberwać
pol-c8700238.flac,ciekawie
pol-c88801a1.flac,metoda
pol-c8d284fb.flac,nieugięcie
pol-c908fca6.flac,dotrzeć
pol-c96c78eb.flac,gotów
pol-c98a9f6d.flac,obliczyć
pol-c9a1e727.flac,dyndać
pol-c9a31d68.flac,blok
pol-ca36f784.flac,leźć
pol-ca4c94e8.flac,buchnąć
pol-ca81e23e.flac,obejmować
pol-ca83c4fd.flac,duch
pol-cae8b719.flac,lodowaty
pol-caf5f3fd.flac,doświadczyć
pol-cb1f6713.flac,bo
pol-cb3e1923.flac,nadejście
pol-cb564e43.flac,brutalny
pol-cb61afb0.flac,hasło
pol-cb73a6c9.flac,artysta
pol-cbbff480.flac,niepokojono
pol-cbf1224c.flac,naprzeciwko
pol-cbf3cc00.flac,głuchy
pol-cc23cb34.flac,dzisiejszy
pol-cc5c9076.flac,inteligencja
pol-ccb17abc.flac,kurtka
pol-ccc24e79.flac,biegać
pol-cd088ea3.flac,ciarki
pol-cd5c4028.flac,dowodzić
pol-cd5e774f.flac,karoseria
pol-cd6006d0.flac,dzienniczek
pol-cd681226.flac,angielski
pol-cd7296b8.flac,detal
pol-cd7cb461.flac,granat
pol-cdb07beb.flac,królewski
pol-ce11e12c.flac,maska
pol-cea877bc.flac,inwalida
pol-cef8a380.flac,dolina
pol-cf142961.flac,kursista
pol-cf3b7adc.flac,częściowość
pol-cf9ef840.flac,myśliwy
pol-cfd38b1b.flac,marka
pol-d012b893.flac,niezrozumiale
pol-d015f2f3.flac,gorący
pol-d05da8b8.flac,marszałek
pol-d0ae430c.flac,genialny
pol-d0e2686c.flac,eden
pol-d0f64450.flac,inaczej
pol-d15f1546.flac,donica
pol-d195fa6d.flac,formuła
pol-d1accf51.flac,dach
pol-d1b40de4.flac,oba
pol-d1e7f377.flac,melodia
pol-d22a6de0.flac,grunt
pol-d23069aa.flac,dzida
pol-d23c7ebc.flac,każdy
pol-d242fef5.flac,nadarzyć
pol-d25c461c.flac,masowy
pol-d27be4f9.flac,klasztor
pol-d29a264a.flac,cierpliwość
pol-d3259d37.flac,młodziutki
pol-d35467af.flac,druh
pol-d38847f5.flac,modlitwa
pol-d3b88e35.flac,czarowny
pol-d3bbe141.flac,grób
pol-d3ce3331.flac,gość
pol-d3dd113e.flac,ciemnieć
pol-d4397d75.flac,leczyć
pol-d447020d.flac,dostać
pol-d448f779.flac,głód
pol-d4d99827.flac,gorszy
pol-d5080b00.flac,groźny
pol-d51b40cd.flac,maszynka
pol-d56c3783.flac,nudno
pol-d5aa1d98.flac,czerwiec
pol-d6056dea.flac,kolano
pol-d612f644.flac,krzyknąć
pol-d61c7736.flac,centymetr
pol-d62084dd.flac,działacz
pol-d63c4bca.flac,nieskończenie
pol-d648a29e.flac,ha
pol-d6536d0e.flac,konieczność
pol-d67f7f69.flac,charakterystyczny
pol-d6a5a554.flac,obecność
pol-d6e99bd0.flac,komitet
pol-d70694e0.flac,objętość
pol-d72b0f04.flac,litera
pol-d72c56f3.flac,obraz
pol-d72fbf17.flac,kapitalizm
pol-d79572d9.flac,model
pol-d7af344c.flac,nieboszczyk
pol-d7c4d22d.flac,legenda
pol-d7d9712c.flac,handlować
pol-d84101ad.flac,komplikacja
pol-d8545a30.flac,chluba
pol-d85c73f3.flac,chrzan
pol-d87f9370.flac,błyskawica
pol-d8d42323.flac,napełnić
pol-d90204fb.flac,nadawać
pol-d939eaa7.flac,chłopski
pol-d9a8cbd7.flac,monarcha
pol-d9f3e475.flac,dowód
pol-d9f97f43.flac,deputowany
pol-da283d13.flac,blat
pol-da5c8783.flac,ekonomiczny
pol-da74db85.flac,doktor
pol-da7fbe49.flac,kosmos
pol-dab1e6c2.flac,kontrola
pol-dab2c28e.flac,nagle
pol-db7d42e1.flac,chemiczny
pol-db989f19.flac,grzmieć
pol-db9f12a4.flac,koniecznie
pol-dbe499f7.flac,metody
pol-dbfc9923.flac,dowcipkować
pol-dc4457b9.flac,medal
pol-dc8cbfd1.flac,bolszewik
pol-dcb3a747.flac,doświadczony
pol-dcc5e9b1.flac,dogadać
pol-dd2a9316.flac,dalej
pol-dd8cdf34.flac,nic
pol-ddbfb286.flac,kłamać
pol-dde0da80.flac,kąpielowy
pol-de1acd18.flac,korek
pol-de2b8f24.flac,bosy
pol-de315fd0.flac,kondygnacja
pol-de4e58d6.flac,leninowski
pol-ded16947.flac,chata
pol-df021bc0.flac,krewny
pol-df275a11.flac,banda
pol-df2d6960.flac,dziad
pol-df4e0f93.flac,chociaż
pol-df7769fa.flac,dorosły
pol-df7f89ec.flac,brzemię
pol-df80b00a.flac,brzoza
pol-df9c4333.flac,drogo
pol-e03883bd.flac,dzwonek
pol-e06cbe71.flac,nieopanowany
pol-e071c2fb.flac,jaskinia
pol-e0bc4740.flac,istotny
pol-e0d1cff8.flac,kilometr
pol-e148b725.flac,dziwnie
pol-e156aa1c.flac,decydować
pol-e189dee6.flac,długo
pol-e20ed3fd.flac,konstrukcja
pol-e231ba0f.flac,drastyczny
pol-e259d899.flac,naiwny
pol-e2bd7d12.flac,kamień
pol-e2c6821b.flac,nowiutki
pol-e2e65bc6.flac,nurt
pol-e35e3c98.flac,chłopaczek
pol-e3855241.flac,inne
pol-e3925e2f.flac,obowiązek
pol-e3961d42.flac,krawędź
pol-e3a1359b.flac,blisko
pol-e3ed773e.flac,klatka
pol-e4062f81.flac,jeden
pol-e45101a4.flac,cwałować
pol-e45b1017.flac,czas
pol-e462c099.flac,delirium
pol-e493ebc3.flac,czarka
pol-e4e1ac55.flac,amerykański
pol-e4f641e3.flac,anioł
pol-e5428fe9.flac,dawać
pol-e5571160.flac,czołgowy
pol-e5592a7c.flac,federalny
pol-e5a6a591.flac,ganiać
pol-e5ab5e7d.flac,niech
pol-e5b97823.flac,ciągać
pol-e5ca616b.flac,grzechot
pol-e60961d9.flac,młodszy
pol-e66c3671.flac,i
pol-e67ee5e1.flac,kazać
pol-e6934cb5.flac,koncert
pol-e6eeedae.flac,dąb
pol-e6fee47e.flac,jasno
pol-e7173fad.flac,czapka
pol-e73e84ee.flac,bijatyka
pol-e7429b66.flac,interesować
pol-e74c54b2.flac,cisza
pol-e755141a.flac,jedenaście
pol-e7670269.flac,kułak
pol-e7765378.flac,kolega
pol-e777b146.flac,obniżka
pol-e7ad3d06.flac,brygada
pol-e7ff1dad.flac,chytry
pol-e84c1b64.flac,niewiadomy
pol-e87b5078.flac,nowina
pol-e88d230b.flac,niepotrzebnie
pol-e8a0a02b.flac,kruszyna
pol-e8b7be43.flac,a
pol-e949f85b.flac,kandydat
pol-e94b7535.flac,historyk
pol-e95e1efa.flac,cel
pol-e98f6a27.flac,jednocześnie
pol-e9d70d8d.flac,jelito
pol-ea056349.flac,normalny
pol-ea540411.flac,dwa
pol-ea5c43d5.flac,lala
pol-ea60f125.flac,cukierek
pol-ea684901.flac,mrugnąć
pol-eaacfb02.flac,nastolatek
pol-eb0e4852.flac,nakaz
pol-ec0fab24.flac,mównica
pol-ecad9494.flac,korzystny
pol-ed0464e8.flac,machnąć
pol-ed0cecb0.flac,drzemać
pol-ed0ee43f.flac,dzielić
pol-ed131ee5.flac,mlekodajny
pol-ed33756a.flac,kłaść
pol-ed3ae178.flac,godność
pol-ed508b40.flac,chusta
pol-ed75b0fc.flac,fachowiec
pol-ed94a081.flac,cichaczem
pol-ed9d95ed.flac,kapitan
pol-edaccc5a.flac,działka
pol-ee090d3e.flac,ganek
pol-ee62b20e.flac,obojętnie
pol-ee71161a.flac,bariera
pol-ef132b38.flac,milion
pol-ef6b64d5.flac,chałat
pol-efbae62e.flac,bezpośrednio
pol-efd412b7.flac,automat
pol-f0478bdd.flac,delikatny
pol-f06281fe.flac,myśl
pol-f07df329.flac,błyskotliwy
pol-f0950bfe.flac,drażnić
pol-f0c509d8.flac,kanapa
pol-f0fc554f.flac,chód
pol-f148c220.flac,mowa
pol-f15df1b2.flac,biedny
pol-f1678f59.flac,nagrywać
pol-f16f1089.flac,biografia
pol-f1bd9dfe.flac,nadjechać
pol-f1c0a6bf.flac,biuro
pol-f1c96583.flac,nauczycielka
pol-f282b9f5.flac,kwik
pol-f2ca9da2.flac,białko
pol-f2fe6bd5.flac,baczny
pol-f31c7ed0.flac,dokładny
pol-f33333a8.flac,brunatny
pol-f3360959.flac,cesarz
pol-f33bcd07.flac,ledwie
pol-f36280f9.flac,dopóki
pol-f37b01f2.flac,narzędzie
pol-f3899283.flac,instytucja
pol-f46a2052.flac,działać
pol-f4e9f16f.flac,komendant
pol-f4faeb00.flac,grubo
pol-f567bd03.flac,ciemnota
pol-f56ec25e.flac,dźwięk
pol-f59bc94b.flac,marzec
pol-f5a2c751.flac,nieskończony
pol-f5a5cad3.flac,lubić
pol-f5c8b035.flac,kategoria
pol-f621fc5f.flac,kałuża
pol-f67b33c4.flac,istota
pol-f6b333fb.flac,latarnia
pol-f6b3ad44.flac,naramiennik
pol-f7201d5e.flac,chłodny
pol-f72f473e.flac,doniesienie
pol-f75956bd.flac,chorobliwie
pol-f7708c4b.flac,miód
pol-f7869136.flac,cudzy
pol-f7910378.flac,biznes
pol-f7e1debc.flac,ekspert
pol-f8008f5a.flac,doskonały
pol-f81cb20e.flac,atomowy
pol-f93ad228.flac,nieprzyjemnie
pol-f93c5f7e.flac,capnąć
pol-f9a757bc.flac,czworo
pol-f9d93c4c.flac,dowództwo
pol-f9f5f4a4.flac,dostępny
pol-fa390e31.flac,krzyczeć
pol-fa43f1f0.flac,grudzień
pol-fa4ed5a5.flac,ekran
pol-fa6d49d6.flac,bandyta
pol-fa83f7a8.flac,chętnie
pol-faa58919.flac,domowy
pol-fac9397c.flac,moneta
pol-fb355308.flac,broń
pol-fb46b407.flac,nieszczęście
pol-fba7a65d.flac,arkusz
pol-fbb916fd.flac,krótko
pol-fc168b5c.flac,należny
pol-fc18d510.flac,garaż
pol-fc303e5f.flac,ciągnąć
pol-fc55c2ea.flac,mord
pol-fca92e25.flac,bogactwo
pol-fcb994c6.flac,kogoś
pol-fd21fee9.flac,drużyna
pol-fd54502b.flac,leśny
pol-fd62eec2.flac,majątek
pol-fd6cb4ce.flac,imperium
pol-fd735285.flac,najbardziej
pol-fdef036d.flac,fiński
pol-fe255986.flac,dziewczynka
pol-fe2807d7.flac,gadzina
pol-fe5798e0.flac,napisać
pol-fe6616ae.flac,negatywny
pol-fe761afb.flac,nieruchomy
pol-fe7e3560.flac,błękitny
pol-fe8d8893.flac,cierpieć
pol-feab1ff6.flac,artyleria
pol-feaf0a9a.flac,hymn
pol-fee0f0ce.flac,koleżanka
pol-fefb62f6.flac,front
pol-ff160182.flac,fundacja
pol-ff4a0ed2.flac,naprawdę
pol-ff59ed10.flac,kopiejka
pol-ff70d998.flac,dopuścić
pol-ff92d05e.flac,analiza
pol-ff9adfe9.flac,najwyższy
